dissimilarity_used,k,n,time_results,iterations,assignments,cost_calculations,cluster_calculations
euclidean_distance,2,100,0.019286800001282245,4,400,23506,413
euclidean_distance,2,110,0.01581899999655434,3,330,19302,340
euclidean_distance,2,121,0.012429200000042329,2,242,15368,248
euclidean_distance,2,133,0.02376169999843114,3,399,28656,409
euclidean_distance,2,146,0.02763039999990724,3,438,33388,447
euclidean_distance,2,160,0.03330579999965266,3,480,40724,490
euclidean_distance,2,176,0.04016559999945457,3,528,49506,538
euclidean_distance,2,193,0.04939630000080797,3,579,60732,589
euclidean_distance,2,212,0.10379990000001271,5,1060,126844,1077
euclidean_distance,2,233,0.07033740000042599,3,699,86812,709
euclidean_distance,2,256,0.055741500000294764,2,512,67072,518
euclidean_distance,2,281,0.14220109999951092,4,1124,171532,1137
euclidean_distance,2,309,0.12858159999814234,3,927,147120,937
euclidean_distance,2,339,0.2129181000018434,4,1356,250784,1370
euclidean_distance,2,372,0.17461109999931068,3,1116,211086,1125
euclidean_distance,2,409,0.27974859999812907,4,1636,342224,1650
euclidean_distance,2,449,0.2746084000027622,3,1347,333588,1357
euclidean_distance,2,493,0.41894690000117407,4,1972,510240,1985
euclidean_distance,2,542,0.5194910999998683,4,2168,627330,2182
euclidean_distance,2,596,0.29750720000083675,2,1192,358792,1198
euclidean_distance,2,655,0.8194003999997221,4,2620,994528,2634
euclidean_distance,2,720,0.9258063999986916,4,2880,1084802,2893
euclidean_distance,2,792,0.8378303999998025,3,2376,1001162,2386
euclidean_distance,2,871,0.631664799999271,2,1742,763928,1748
euclidean_distance,2,958,1.5438542000010784,4,3832,1867930,3845
euclidean_distance,2,1053,2.0685685999997077,4,4212,2501912,4226
euclidean_distance,2,1158,1.1156989999981306,2,2316,1347912,2322
euclidean_distance,2,1273,2.7184250000027532,4,5092,3307880,5106
euclidean_distance,2,1400,2.4208431000006385,3,4200,2954282,4210
euclidean_distance,2,1540,4.109427499999583,4,6160,4990602,6174
euclidean_distance,2,1694,3.5885637999999744,3,5082,4333812,5092
euclidean_distance,2,1863,4.718308999999863,3,5589,5241546,5599
euclidean_distance,2,2049,5.186634400000912,3,6147,6323364,6157
euclidean_distance,2,2253,9.881416500000341,4,9012,11465832,9026
euclidean_distance,2,2478,10.694030099999509,4,9912,12799328,9926
euclidean_distance,2,2725,10.361411699999735,3,8175,12368868,8185
euclidean_distance,2,2997,8.018214899999293,2,5994,8999992,6000
euclidean_distance,2,3296,14.508044599999266,3,9888,16358888,9898
euclidean_distance,2,3625,11.170625599999767,2,7250,13162376,7256
euclidean_distance,2,3987,22.86649589999797,3,11961,27457950,11971
euclidean_distance,2,4385,23.883419900001172,3,13155,28991784,13165
euclidean_distance,2,4823,38.72110260000045,4,19292,46796904,19306
euclidean_distance,2,5305,34.917628900002455,3,15915,42505188,15925
euclidean_distance,2,5835,42.32209570000123,3,17505,51399378,17515
euclidean_distance,2,6418,70.64692309999737,4,25672,87220140,25686
euclidean_distance,2,7059,64.72894580000138,3,21177,81399834,21187
euclidean_distance,2,7764,48.155230599997594,2,15528,60326330,15534
euclidean_distance,2,8540,90.60149720000118,3,25620,114664902,25630
euclidean_distance,2,9394,147.81538509999882,4,37576,186377334,37590
euclidean_distance,3,100,0.023728500000288477,5,500,27524,523
euclidean_distance,3,110,0.01079070000196225,3,330,13624,344
euclidean_distance,3,121,0.008503699998982484,2,242,10730,251
euclidean_distance,3,133,0.016029599999455968,3,399,19899,413
euclidean_distance,3,146,0.025269400000979658,4,584,32152,602
euclidean_distance,3,160,0.030115800000203308,4,640,38176,659
euclidean_distance,3,176,0.017907100002048537,2,352,22060,361
euclidean_distance,3,193,0.04247810000015306,4,772,53664,791
euclidean_distance,3,212,0.038197400001081405,3,636,47634,649
euclidean_distance,3,233,0.03084630000012112,2,466,38058,475
euclidean_distance,3,256,0.07291619999887189,4,1024,91620,1041
euclidean_distance,3,281,0.06607230000008713,3,843,82367,856
euclidean_distance,3,309,0.19476880000001984,6,1854,245290,1886
euclidean_distance,3,339,0.08632480000233045,2,678,109532,687
euclidean_distance,3,372,0.11648690000220085,3,1116,145938,1131
euclidean_distance,3,409,0.1958453000006557,4,1636,242156,1655
euclidean_distance,3,449,0.23368280000067898,4,1796,290506,1816
euclidean_distance,3,493,0.20132080000257702,3,1479,250275,1494
euclidean_distance,3,542,0.32480129999748897,4,2168,402378,2187
euclidean_distance,3,596,0.4362775000008696,4,2384,541176,2403
euclidean_distance,3,655,0.35434450000320794,3,1965,437987,1979
euclidean_distance,3,720,0.5950799999991432,4,2880,739004,2899
euclidean_distance,3,792,0.7239652999996906,4,3168,893112,3188
euclidean_distance,3,871,0.6200308999978006,2,1742,765746,1751
euclidean_distance,3,958,1.4914245999971172,4,3832,1862404,3850
euclidean_distance,3,1053,2.1133389999995416,6,6318,2626310,6351
euclidean_distance,3,1158,0.7263404000004812,2,2316,903366,2325
euclidean_distance,3,1273,3.4474406000008457,6,7638,3727956,7671
euclidean_distance,3,1400,6.830086900001334,10,14000,8486150,14051
euclidean_distance,3,1540,4.0720236000015575,6,9240,5058634,9271
euclidean_distance,3,1694,3.460537299997668,4,6776,4311236,6796
euclidean_distance,3,1863,4.913769200000388,5,9315,6118749,9341
euclidean_distance,3,2049,5.110761100000673,4,8196,5808190,8215
euclidean_distance,3,2253,6.070081099998788,4,9012,6928748,9031
euclidean_distance,3,2478,4.967745899997681,3,7434,6180446,7448
euclidean_distance,3,2725,8.517084300001443,4,10900,10061564,10919
euclidean_distance,3,2997,7.187440800000331,3,8991,9030687,9005
euclidean_distance,3,3296,20.29275780000171,6,19776,24812750,19808
euclidean_distance,3,3625,21.26637480000136,4,14500,26530406,14519
euclidean_distance,3,3987,13.462796900003013,3,11961,16301871,11975
euclidean_distance,3,4385,47.091620299997885,6,26310,58316912,26337
euclidean_distance,3,4823,74.55811710000125,8,38584,93361376,38623
euclidean_distance,3,5305,14.968748700001015,2,10610,18810618,10619
euclidean_distance,3,5835,38.39638080000077,4,23340,47276848,23359
euclidean_distance,3,6418,45.242110300001514,4,25672,56624700,25691
euclidean_distance,3,7059,41.664927899997565,3,21177,51850701,21191
euclidean_distance,3,7764,69.6107245000021,4,31056,87206494,31077
euclidean_distance,3,8540,100.00143600000229,5,42700,125493626,42724
euclidean_distance,3,9394,46.877671800000826,2,18788,58910694,18797
euclidean_distance,3,10333,297.57722880000074,9,92997,373717961,93045
euclidean_distance,4,100,0.008032199999433942,3,300,9394,317
euclidean_distance,4,110,0.012028699999063974,4,440,15160,466
euclidean_distance,4,121,0.01490909999847645,4,484,18000,509
euclidean_distance,4,133,0.0171905000024708,4,532,21540,556
euclidean_distance,4,146,0.015560100000584498,3,438,19100,456
euclidean_distance,4,160,0.03732229999877745,5,800,47230,831
euclidean_distance,4,176,0.029506800001399824,4,704,36088,729
euclidean_distance,4,193,0.025325500002509216,3,579,31636,597
euclidean_distance,4,212,0.05406589999984135,5,1060,64662,1090
euclidean_distance,4,233,0.04702199999883305,4,932,59582,955
euclidean_distance,4,256,0.058126700001594145,4,1024,73040,1051
euclidean_distance,4,281,0.05046629999924335,3,843,63464,859
euclidean_distance,4,309,0.1742420000009588,8,2472,218758,2524
euclidean_distance,4,339,0.10057809999852907,3,1017,125236,1034
euclidean_distance,4,372,0.1851364000031026,5,1860,225806,1888
euclidean_distance,4,409,0.27391809999971883,7,2863,342440,2911
euclidean_distance,4,449,0.24855190000016592,5,2245,301960,2277
euclidean_distance,4,493,0.20582070000091335,3,1479,257082,1498
euclidean_distance,4,542,0.30834690000119735,4,2168,377660,2192
euclidean_distance,4,596,0.7617702999996254,9,5364,948028,5424
euclidean_distance,4,655,0.8281997999984014,8,5240,1022142,5292
euclidean_distance,4,720,0.5967654999985825,4,2880,743750,2904
euclidean_distance,4,792,2.2848641999989923,13,10296,2855774,10365
euclidean_distance,4,871,0.8128966000003857,5,4355,1009158,4388
euclidean_distance,4,958,1.2765801999994437,6,5748,1578410,5787
euclidean_distance,4,1053,0.6793886000014027,3,3159,850878,3178
euclidean_distance,4,1158,1.1348746999974537,4,4632,1403020,4657
euclidean_distance,4,1273,3.225642000001244,7,8911,4019144,8954
euclidean_distance,4,1400,3.024574200000643,7,9800,3760474,9848
euclidean_distance,4,1540,2.5182090000016615,5,7700,3126656,7733
euclidean_distance,4,1694,3.192565299999842,4,6776,3975596,6799
euclidean_distance,4,1863,2.8591813999992155,4,7452,3565658,7478
euclidean_distance,4,2049,11.424021300001186,10,20490,13641622,20547
euclidean_distance,4,2253,4.165370200000325,4,9012,5196806,9039
euclidean_distance,4,2478,3.789107000000513,3,7434,4707548,7454
euclidean_distance,4,2725,6.747688700001163,4,10900,7829416,10927
euclidean_distance,4,2997,14.563705099997605,7,20979,17840402,21026
euclidean_distance,4,3296,19.549129600000015,8,26368,23447240,26424
euclidean_distance,4,3625,26.999466799999936,8,29000,30050510,29053
euclidean_distance,4,3987,27.033321400002023,7,27909,31715616,27956
euclidean_distance,4,4385,16.92252440000084,4,17540,20160672,17566
euclidean_distance,4,4823,38.82508809999854,7,33761,45423586,33810
euclidean_distance,4,5305,24.96317479999925,4,21220,29401976,21244
euclidean_distance,4,5835,38.13759840000057,5,29175,44546328,29207
euclidean_distance,4,6418,49.75178529999903,5,32090,54857590,32123
euclidean_distance,4,7059,58.883138100001815,5,35295,69593878,35328
euclidean_distance,4,7764,112.6375036999998,8,62112,134227962,62167
euclidean_distance,4,8540,229.22882670000035,11,93940,275250218,94001
euclidean_distance,5,100,0.007358099999692058,3,300,8146,325
euclidean_distance,5,110,0.011547599999175873,3,330,14014,348
euclidean_distance,5,121,0.012559700000565499,4,484,15434,512
euclidean_distance,5,133,0.024968000001535984,6,798,29526,843
euclidean_distance,5,146,0.008328399999300018,2,292,10282,307
euclidean_distance,5,160,0.02038449999963632,4,640,25018,671
euclidean_distance,5,176,0.018408600000839215,3,528,21760,549
euclidean_distance,5,193,0.042627400001947535,5,965,51751,1000
euclidean_distance,5,212,0.03959020000183955,4,848,48832,875
euclidean_distance,5,233,0.04389960000116844,4,932,51818,962
euclidean_distance,5,256,0.04905969999890658,4,1024,60508,1054
euclidean_distance,5,281,0.0738844000006793,5,1405,90325,1443
euclidean_distance,5,309,0.08551529999749619,4,1236,102756,1266
euclidean_distance,5,339,0.20492620000004536,9,3051,246855,3117
euclidean_distance,5,372,0.20325319999756175,7,2604,242214,2659
euclidean_distance,5,409,0.12698399999862886,4,1636,150580,1668
euclidean_distance,5,449,0.31295350000073086,8,3592,379682,3656
euclidean_distance,5,493,0.2655194999970263,5,2465,321559,2506
euclidean_distance,5,542,0.33576909999828786,4,2168,402280,2197
euclidean_distance,5,596,0.33864570000150707,5,2980,398038,3020
euclidean_distance,5,655,0.30683959999805666,4,2620,368388,2651
euclidean_distance,5,720,0.6755862000027264,6,4320,822618,4364
euclidean_distance,5,792,0.43381030000091414,4,3168,523984,3197
euclidean_distance,5,871,1.107492799997999,8,6968,1335004,7032
euclidean_distance,5,958,1.4530147000004945,7,6706,1758414,6763
euclidean_distance,5,1053,0.7026839000027394,3,3159,849819,3184
euclidean_distance,5,1158,2.0402697999998054,8,9264,2463850,9330
euclidean_distance,5,1273,2.0421478000025672,6,7638,2479852,7683
euclidean_distance,5,1400,1.6747331000005943,5,7000,2016522,7040
euclidean_distance,5,1540,1.6317326999997022,4,6160,1942040,6192
euclidean_distance,5,1694,4.068462499999441,8,13552,4900412,13619
euclidean_distance,5,1863,13.30721690000064,18,33534,16126834,33666
euclidean_distance,5,2049,5.799282600000879,4,8196,6935982,8225
euclidean_distance,5,2253,8.41237860000183,8,18024,9981844,18080
euclidean_distance,5,2478,6.588290199997573,6,14868,7780002,14918
euclidean_distance,5,2725,5.790640700000949,4,10900,6970264,10934
euclidean_distance,5,2997,13.21304389999932,7,20979,16040755,21034
euclidean_distance,5,3296,11.429828599997563,6,19776,13798512,19824
euclidean_distance,5,3625,8.962980699998297,4,14500,10895934,14531
euclidean_distance,5,3987,15.997660000000906,5,19935,19404351,19978
euclidean_distance,5,4385,20.817655099999683,6,26310,25147190,26364
euclidean_distance,5,4823,16.391268899998977,4,19292,19812642,19322
euclidean_distance,5,5305,14.371158199999627,3,15915,17134751,15939
euclidean_distance,5,5835,45.34963919999791,7,40845,54619673,40905
euclidean_distance,5,6418,86.5662368000012,10,64180,104301108,64254
euclidean_distance,5,7059,105.4658180999977,10,70590,127861534,70666
euclidean_distance,5,7764,30.448574000001827,3,23292,37172852,23315
euclidean_distance,5,8540,35.865654400000494,3,25620,43989744,25643
euclidean_distance,5,9394,118.77188589999787,7,65758,147673006,65817
euclidean_distance,5,10333,89.37598380000054,5,51665,111072305,51704
euclidean_distance,5,11366,108.96940579999864,5,56830,135565164,56871
euclidean_distance,5,12502,152.78673839999828,6,75012,190065676,75062
euclidean_distance,6,100,0.010551100000157021,4,400,12112,434
euclidean_distance,6,110,0.005495700002938975,2,220,6592,237
euclidean_distance,6,121,0.009739400000398746,3,363,11578,390
euclidean_distance,6,133,0.01513860000341083,4,532,18830,567
euclidean_distance,6,146,0.00980630000049132,2,292,11928,309
euclidean_distance,6,160,0.008940600000642007,2,320,10868,338
euclidean_distance,6,176,0.03858279999985825,5,880,49298,924
euclidean_distance,6,193,0.03446379999877536,5,965,43952,1012
euclidean_distance,6,212,0.042107399996893946,5,1060,52770,1103
euclidean_distance,6,233,0.039688100001512794,4,932,49672,965
euclidean_distance,6,256,0.05075869999927818,3,768,63930,797
euclidean_distance,6,281,0.13804569999774685,10,2810,173372,2896
euclidean_distance,6,309,0.06032640000194078,4,1236,72822,1270
euclidean_distance,6,339,0.10245009999925969,5,1695,126532,1739
euclidean_distance,6,372,0.09942470000169124,4,1488,125350,1520
euclidean_distance,6,409,0.12961170000198763,4,1636,162178,1675
euclidean_distance,6,449,0.10186949999842909,3,1347,125814,1373
euclidean_distance,6,493,0.10549929999979213,3,1479,132274,1507
euclidean_distance,6,542,0.2146111000001838,5,2710,267182,2756
euclidean_distance,6,596,0.6365901999997732,9,5364,781532,5444
euclidean_distance,6,655,0.24742539999715518,4,2620,312322,2657
euclidean_distance,6,720,0.3454154999999446,4,2880,427426,2915
euclidean_distance,6,792,0.45256850000077975,5,3960,563456,4006
euclidean_distance,6,871,0.769382599999517,6,5226,945790,5282
euclidean_distance,6,958,0.39175909999903524,3,2874,481632,2903
euclidean_distance,6,1053,1.4377560000029916,7,7371,1748414,7440
euclidean_distance,6,1158,3.87303669999892,18,20844,4733586,20997
euclidean_distance,6,1273,1.6335629999994126,6,7638,2006340,7696
euclidean_distance,6,1400,3.0052086999967287,10,14000,3711134,14092
euclidean_distance,6,1540,2.964797600001475,8,12320,3687882,12393
euclidean_distance,6,1694,3.19630110000071,7,11858,3946424,11914
euclidean_distance,6,1863,6.363322699999117,10,18630,7301204,18721
euclidean_distance,6,2049,4.3887807999999495,6,12294,5422938,12348
euclidean_distance,6,2253,8.693672500001412,11,24783,10192506,24884
euclidean_distance,6,2478,12.165209999999206,13,32214,15082950,32332
euclidean_distance,6,2725,6.461185699998168,6,16350,7922462,16412
euclidean_distance,6,2997,6.426065300001937,5,14985,7845576,15033
euclidean_distance,6,3296,13.942449499998474,8,26368,17261334,26442
euclidean_distance,6,3625,13.368692100000771,6,21750,16557386,21810
euclidean_distance,6,3987,8.94710860000123,4,15948,11114726,15990
euclidean_distance,6,4385,26.666083600001002,7,30695,32907396,30764
euclidean_distance,6,4823,25.402712499999325,6,28938,31303782,28998
euclidean_distance,6,5305,36.589190400001826,8,42440,45010336,42514
euclidean_distance,6,5835,34.7029165999993,6,35010,42891688,35061
euclidean_distance,6,6418,140.70072250000158,19,121942,172815120,122113
euclidean_distance,7,100,0.014490600002318388,7,700,18532,763
euclidean_distance,7,110,0.008540200000425102,4,440,10516,479
euclidean_distance,7,121,0.00842949999787379,3,363,10661,389
euclidean_distance,7,133,0.012672900000325171,4,532,16182,571
euclidean_distance,7,146,0.01163309999901685,3,438,15040,471
euclidean_distance,7,160,0.015319999998610001,3,480,18762,506
euclidean_distance,7,176,0.02157449999867822,4,704,27398,743
euclidean_distance,7,193,0.06580879999819444,9,1737,81681,1826
euclidean_distance,7,212,0.014205700001184596,2,424,17984,443
euclidean_distance,7,233,0.025067300000955584,3,699,29521,730
euclidean_distance,7,256,0.07175049999932526,7,1792,92192,1860
euclidean_distance,7,281,0.07732899999973597,7,1967,97485,2039
euclidean_distance,7,309,0.08058359999995446,6,1854,100234,1911
euclidean_distance,7,339,0.07714209999903687,5,1695,97327,1745
euclidean_distance,7,372,0.1660446999994747,7,2604,208912,2678
euclidean_distance,7,409,0.11231550000229618,5,2045,142969,2097
euclidean_distance,7,449,0.15695119999872986,5,2245,194873,2290
euclidean_distance,7,493,0.26561020000008284,8,3944,316698,4030
euclidean_distance,7,542,0.22027090000119642,5,2710,277682,2765
euclidean_distance,7,596,0.25736719999986235,5,2980,315352,3030
euclidean_distance,7,655,0.5887162999970315,8,5240,728956,5323
euclidean_distance,7,720,0.6037483000000066,8,5760,752528,5840
euclidean_distance,7,792,0.3169067000017094,4,3168,393620,3209
euclidean_distance,7,871,0.5749345000003814,6,5226,711632,5297
euclidean_distance,7,958,1.178575699999783,10,9580,1479782,9684
euclidean_distance,7,1053,1.2981885000008333,8,8424,1586516,8507
euclidean_distance,7,1158,1.081563299998379,6,6948,1347088,7013
euclidean_distance,7,1273,1.1647204999972018,5,6365,1434669,6422
euclidean_distance,7,1400,1.2012815999987652,5,7000,1491598,7056
euclidean_distance,7,1540,3.1387431000002834,9,13860,3898858,13950
euclidean_distance,7,1694,3.3164537999982713,7,11858,4130542,11940
euclidean_distance,7,1863,4.45963589999883,10,18630,5486496,18737
euclidean_distance,7,2049,4.6429558000018005,9,18441,5695647,18541
euclidean_distance,7,2253,3.4658550999993167,5,11265,4276733,11318
euclidean_distance,7,2478,5.131027399998857,6,14868,6345368,14933
euclidean_distance,7,2725,6.426726599998801,7,19075,7983641,19156
euclidean_distance,7,2997,4.325645099997928,4,11988,5325984,12029
euclidean_distance,7,3296,20.411775500000658,13,42848,24634180,42981
euclidean_distance,7,3625,20.757388499998342,12,43500,25262400,43635
euclidean_distance,7,3987,10.467969000001176,5,19935,12986281,19993
euclidean_distance,7,4385,25.860092399998393,9,39465,31893961,39566
euclidean_distance,7,4823,19.516824899998028,7,33761,24181117,33842
euclidean_distance,7,5305,37.24937769999815,9,47745,45731401,47851
euclidean_distance,7,5835,68.444445000001,13,75855,85149857,76005
euclidean_distance,7,6418,51.971669100003055,10,64180,64551034,64289
euclidean_distance,7,7059,60.13546029999998,8,56472,74761642,56558
euclidean_distance,7,7764,79.19718479999938,9,69876,97882548,69980
euclidean_distance,7,8540,60.17111429999932,7,59780,74482830,59857
euclidean_distance,7,9394,91.91926140000214,8,75152,114468732,75235
euclidean_distance,7,10333,297.8716799000031,22,227326,368963386,227565
manhattan_distance,2,100,0.005587700001342455,2,200,10600,205
manhattan_distance,2,110,0.013427300000330433,4,440,27748,453
manhattan_distance,2,121,0.011984900000243215,3,363,24564,373
manhattan_distance,2,133,0.017212700000527548,3,399,35052,408
manhattan_distance,2,146,0.01876519999859738,3,438,36700,448
manhattan_distance,2,160,0.023833100000047125,3,480,43368,490
manhattan_distance,2,176,0.03443499999775668,4,704,67984,718
manhattan_distance,2,193,0.06889139999839244,6,1158,127132,1179
manhattan_distance,2,212,0.05093950000082259,4,848,98832,861
manhattan_distance,2,233,0.027493100002175197,2,466,55692,472
manhattan_distance,2,256,0.05084250000072643,3,768,101962,778
manhattan_distance,2,281,0.07105159999991884,3,843,142396,853
manhattan_distance,2,309,0.12828970000191475,5,1545,257056,1562
manhattan_distance,2,339,0.09337869999944814,3,1017,186834,1027
manhattan_distance,2,372,0.10640919999787002,3,1116,212174,1126
manhattan_distance,2,409,0.12730050000027404,3,1227,254784,1237
manhattan_distance,2,449,0.1568332000024384,3,1347,306988,1357
manhattan_distance,2,493,0.12581260000297334,2,986,246020,992
manhattan_distance,2,542,0.14865070000087144,2,1084,297016,1090
manhattan_distance,2,596,0.2835408999999345,3,1788,548270,1798
manhattan_distance,2,655,0.3253050000021176,3,1965,649854,1974
manhattan_distance,2,720,0.6486934999993537,4,2880,1279644,2894
manhattan_distance,2,792,0.6773651000003156,4,3168,1350274,3182
manhattan_distance,2,871,0.9045361999997112,4,3484,1784500,3498
manhattan_distance,2,958,1.3899659000016982,5,4790,2759924,4808
manhattan_distance,2,1053,0.8886388999999326,3,3159,1763004,3168
manhattan_distance,2,1158,1.0073502999985067,3,3474,2022524,3484
manhattan_distance,2,1273,0.8291333000015584,2,2546,1628168,2552
manhattan_distance,2,1400,1.568287900001451,3,4200,3137720,4210
manhattan_distance,2,1540,1.1970222000018111,2,3080,2380840,3086
manhattan_distance,2,1694,3.220631099997263,4,6776,6468340,6790
manhattan_distance,2,1863,3.966358100002253,4,7452,7948200,7466
manhattan_distance,2,2049,4.30925600000046,4,8196,8562168,8210
manhattan_distance,2,2253,2.5384791000033147,2,4506,5089528,4512
manhattan_distance,2,2478,3.067696699999942,2,4956,6155352,4962
manhattan_distance,2,2725,5.659700899999734,3,8175,11329428,8185
manhattan_distance,2,2997,4.485475299999962,2,5994,8999992,6000
manhattan_distance,2,3296,11.204043900001125,4,13184,22591504,13198
manhattan_distance,2,3625,10.63908850000007,3,10875,21464076,10885
manhattan_distance,2,3987,7.930467999998655,2,7974,15920092,7980
manhattan_distance,2,4385,15.991557400000602,3,13155,32156044,13165
manhattan_distance,2,4823,31.604135400000814,5,24115,63201070,24133
manhattan_distance,2,5305,13.802495699997962,2,10610,28174856,10616
manhattan_distance,2,5835,36.472930500000075,4,23340,73593140,23354
manhattan_distance,2,6418,54.50001070000144,5,32090,105786068,32107
manhattan_distance,2,7059,65.99200639999981,5,35295,132763894,35313
manhattan_distance,2,7764,93.09375200000068,6,46584,187918388,46605
manhattan_distance,2,8540,36.04615619999822,2,17080,72982840,17086
manhattan_distance,2,9394,95.49039690000063,4,37576,192526824,37590
manhattan_distance,2,10333,176.9811676999998,6,61998,361601724,62019
manhattan_distance,3,100,0.006503900000097929,3,300,11206,314
manhattan_distance,3,110,0.00663929999791435,2,220,12168,229
manhattan_distance,3,121,0.008167600000888342,3,363,16137,377
manhattan_distance,3,133,0.00637309999729041,2,266,12858,275
manhattan_distance,3,146,0.01618179999786662,4,584,32104,603
manhattan_distance,3,160,0.014017100002092775,3,480,27714,494
manhattan_distance,3,176,0.025023099999089027,3,528,49402,541
manhattan_distance,3,193,0.020609600000170758,3,579,40083,593
manhattan_distance,3,212,0.016576899997744476,2,424,31668,433
manhattan_distance,3,233,0.028995799999393057,3,699,57715,712
manhattan_distance,3,256,0.03442440000071656,2,512,68396,521
manhattan_distance,3,281,0.02829579999888665,2,562,54890,571
manhattan_distance,3,309,0.03993540000010398,2,618,78982,627
manhattan_distance,3,339,0.1801789999990433,7,2373,359581,2408
manhattan_distance,3,372,0.07086350000099628,3,1116,142898,1129
manhattan_distance,3,409,0.09474200000113342,3,1227,188997,1242
manhattan_distance,3,449,0.17733619999853545,5,2245,357663,2268
manhattan_distance,3,493,0.1726466000000073,4,1972,338660,1990
manhattan_distance,3,542,0.15258839999660267,3,1626,300470,1639
manhattan_distance,3,596,0.24793050000153016,4,2384,493140,2402
manhattan_distance,3,655,0.23822160000054282,3,1965,459319,1980
manhattan_distance,3,720,0.7232068999983312,7,5040,1425128,5078
manhattan_distance,3,792,0.8231532999998308,5,3960,1584462,3981
manhattan_distance,3,871,0.5507451999983459,4,3484,1035916,3504
manhattan_distance,3,958,0.6885571999991953,4,3832,1292588,3853
manhattan_distance,3,1053,0.9969385999975202,5,5265,1917841,5289
manhattan_distance,3,1158,3.7548225999998976,13,15054,7326752,15123
manhattan_distance,3,1273,0.5577087000019674,2,2546,1090538,2555
manhattan_distance,3,1400,3.487042900000233,9,12600,6627720,12646
manhattan_distance,3,1540,1.2380075000000943,3,4620,2402094,4634
manhattan_distance,3,1694,2.538841199999297,5,8470,4893606,8495
manhattan_distance,3,1863,1.29096059999938,2,3726,2329038,3735
manhattan_distance,3,2049,2.1937219000028563,3,6147,4245791,6162
manhattan_distance,3,2253,4.640827100000024,5,11265,9045339,11292
manhattan_distance,3,2478,4.244503599999007,4,9912,8280432,9932
manhattan_distance,3,2725,9.164262500002224,5,13625,17990961,13650
manhattan_distance,3,2997,6.403608299999178,4,11988,12535126,12007
manhattan_distance,3,3296,7.571802600003139,4,13184,14903394,13204
manhattan_distance,3,3625,12.752171799998905,5,18125,25156127,18152
manhattan_distance,3,3987,8.439658399998734,3,11961,15960577,11975
manhattan_distance,3,4385,14.443220400000428,3,13155,28770121,13170
manhattan_distance,3,4823,16.912711700002546,4,19292,33617106,19313
manhattan_distance,3,5305,14.251572699999087,3,15915,28269997,15930
manhattan_distance,3,5835,17.269606400001067,3,17505,34355295,17519
manhattan_distance,3,6418,28.09147210000083,4,25672,56111576,25693
manhattan_distance,3,7059,74.95216100000107,6,42354,150386630,42381
manhattan_distance,3,7764,51.973698899997544,5,38820,104589558,38845
manhattan_distance,3,8540,36.478177199998754,3,25620,73071476,25634
manhattan_distance,3,9394,77.56775479999851,5,46970,153837246,46996
manhattan_distance,3,10333,71.58850619999794,4,41332,142889600,41351
manhattan_distance,3,11366,161.85722910000186,7,79562,323492182,79599
manhattan_distance,4,100,0.005589300002611708,3,300,9254,318
manhattan_distance,4,110,0.008578899996791733,4,440,16756,462
manhattan_distance,4,121,0.01010629999655066,4,484,19818,508
manhattan_distance,4,133,0.018931399998109555,7,931,38192,973
manhattan_distance,4,146,0.019495000000461005,6,876,37598,911
manhattan_distance,4,160,0.018304300003364915,4,640,36222,665
manhattan_distance,4,176,0.013642800000525312,3,528,27328,547
manhattan_distance,4,193,0.020024299999931827,3,579,40390,597
manhattan_distance,4,212,0.0187368000006245,3,636,37338,654
manhattan_distance,4,233,0.02092590000029304,2,466,41784,478
manhattan_distance,4,256,0.02162510000198381,2,512,43270,523
manhattan_distance,4,281,0.07486540000172681,5,1405,149210,1436
manhattan_distance,4,309,0.1269085999992967,9,2781,251206,2836
manhattan_distance,4,339,0.08758020000095712,5,1695,175688,1727
manhattan_distance,4,372,0.10504020000007586,5,1860,208048,1891
manhattan_distance,4,409,0.07063120000020717,3,1227,139562,1246
manhattan_distance,4,449,0.08206290000089211,3,1347,160694,1365
manhattan_distance,4,493,0.1740773999990779,5,2465,338578,2497
manhattan_distance,4,542,0.13720720000128495,3,1626,274440,1643
manhattan_distance,4,596,0.2608884000001126,4,2384,515340,2409
manhattan_distance,4,655,0.11297420000119018,2,1310,221080,1322
manhattan_distance,4,720,0.5482957000021997,6,4320,1066612,4356
manhattan_distance,4,792,1.2250027999980375,12,9504,2441872,9574
manhattan_distance,4,871,0.6924303000014334,5,4355,1337516,4382
manhattan_distance,4,958,0.5569214000024658,4,3832,943856,3856
manhattan_distance,4,1053,0.4646372999995947,3,3159,853466,3178
manhattan_distance,4,1158,0.53887979999854,3,3474,1030188,3494
manhattan_distance,4,1273,0.5726794000001973,2,2546,1101430,2558
manhattan_distance,4,1400,1.0563762999991013,4,5600,2057848,5626
manhattan_distance,4,1540,1.2420755999992252,4,6160,2405660,6184
manhattan_distance,4,1694,1.5355224999984785,4,6776,2963786,6804
manhattan_distance,4,1863,1.4423419999984617,3,5589,2773656,5609
manhattan_distance,4,2049,5.217648399997415,7,14343,10184638,14384
manhattan_distance,4,2253,4.378136299998005,6,13518,8530106,13555
manhattan_distance,4,2478,7.535833699999785,8,19824,14632160,19876
manhattan_distance,4,2725,4.24126780000006,4,10900,7586052,10927
manhattan_distance,4,2997,9.433203000000503,6,17982,18567534,18017
manhattan_distance,4,3296,5.721282899998187,4,13184,11319096,13212
manhattan_distance,4,3625,15.519892800002708,7,25375,30996122,25418
manhattan_distance,4,3987,30.497437199999695,13,51831,59104056,51916
manhattan_distance,4,4385,7.610918499998661,3,13155,14875324,13175
manhattan_distance,4,4823,22.004734699999972,7,33761,43668796,33808
manhattan_distance,4,5305,17.57131279999885,4,21220,35186376,21244
manhattan_distance,4,5835,19.285842900000716,4,23340,37679350,23366
manhattan_distance,4,6418,26.321454600001744,5,32090,52577732,32121
manhattan_distance,4,7059,46.863021500001196,6,42354,93234550,42397
manhattan_distance,4,7764,60.85679900000105,6,46584,121593480,46622
manhattan_distance,4,8540,28.10407320000013,3,25620,56103210,25640
manhattan_distance,4,9394,59.955161199999566,5,46970,119288430,47004
manhattan_distance,4,10333,56.659770899997966,4,41332,113497598,41357
manhattan_distance,4,11366,67.26375380000172,4,45464,134122152,45490
manhattan_distance,4,12502,60.94967069999984,3,37506,121004620,37526
manhattan_distance,4,13752,255.10886010000104,8,110016,484576350,110073
manhattan_distance,5,100,0.006814899999881163,3,300,11102,320
manhattan_distance,5,110,0.008030799999687588,5,550,15848,585
manhattan_distance,5,121,0.009808099999645492,5,605,18795,644
manhattan_distance,5,133,0.009922699999151519,3,399,19859,420
manhattan_distance,5,146,0.008087399997748435,3,438,15826,462
manhattan_distance,5,160,0.018028599999524886,4,640,35232,670
manhattan_distance,5,176,0.018005000001721783,4,704,35388,733
manhattan_distance,5,193,0.02498840000043856,5,965,48433,1007
manhattan_distance,5,212,0.016266900001937756,3,636,31770,658
manhattan_distance,5,233,0.023608500003319932,3,699,45479,721
manhattan_distance,5,256,0.03453050000098301,4,1024,67234,1052
manhattan_distance,5,281,0.043155100000149105,4,1124,84304,1154
manhattan_distance,5,309,0.05722869999954128,5,1545,108801,1583
manhattan_distance,5,339,0.0810708999997587,6,2034,155190,2081
manhattan_distance,5,372,0.07715149999785353,5,1860,150498,1895
manhattan_distance,5,409,0.1264565000019502,6,2454,239432,2503
manhattan_distance,5,449,0.2140505999996094,8,3592,416134,3656
manhattan_distance,5,493,0.2004023999979836,7,3451,388605,3505
manhattan_distance,5,542,0.11233369999899878,3,1626,218660,1647
manhattan_distance,5,596,0.1158754999996745,3,1788,224124,1810
manhattan_distance,5,655,0.5204077000016696,8,5240,1011082,5307
manhattan_distance,5,720,0.470069599999988,7,5040,907138,5091
manhattan_distance,5,792,0.41435070000079577,6,4752,806464,4799
manhattan_distance,5,871,0.43846900000062305,5,4355,842775,4396
manhattan_distance,5,958,0.6396716999988712,5,4790,1224384,4825
manhattan_distance,5,1053,1.3662304999998014,8,8424,2626654,8483
manhattan_distance,5,1158,1.2378953000006732,8,9264,2371626,9331
manhattan_distance,5,1273,1.091555300001346,6,7638,2082066,7685
manhattan_distance,5,1400,2.7775638999992225,12,16800,5330650,16896
manhattan_distance,5,1540,0.6011928999978409,2,3080,1158278,3095
manhattan_distance,5,1694,1.551994100002048,5,8470,2979722,8507
manhattan_distance,5,1863,2.4030936999988626,6,11178,4617790,11227
manhattan_distance,5,2049,3.741166300002078,8,16392,7164354,16459
manhattan_distance,5,2253,2.7498656999996456,5,11265,5287627,11302
manhattan_distance,5,2478,5.015106499999092,7,17346,9583702,17403
manhattan_distance,5,2725,4.950427399999171,5,13625,9485883,13664
manhattan_distance,5,2997,3.9436486000013247,4,11988,7547880,12022
manhattan_distance,5,3296,9.106891200000973,7,23072,17558794,23132
manhattan_distance,5,3625,7.177519500000926,5,18125,13544507,18166
manhattan_distance,5,3987,8.543277599997964,5,19935,16075809,19971
manhattan_distance,5,4385,14.44986489999792,7,30695,27527629,30749
manhattan_distance,5,4823,26.99303670000154,10,48230,51802160,48320
manhattan_distance,5,5305,32.98352090000117,10,53050,63302094,53135
manhattan_distance,5,5835,43.923892999999225,10,58350,84600302,58432
manhattan_distance,5,6418,102.62601189999987,20,128360,192067308,128516
manhattan_distance,5,7059,37.82913720000215,7,49413,71810655,49471
manhattan_distance,5,7764,125.00742660000105,17,131988,239676482,132132
manhattan_distance,6,100,0.010388999999122461,8,800,19828,865
manhattan_distance,6,110,0.006993599999987055,4,440,13686,477
manhattan_distance,6,121,0.004987499996786937,3,363,10054,391
manhattan_distance,6,133,0.009270400001696544,4,532,18396,567
manhattan_distance,6,146,0.014220100001693936,5,730,28388,771
manhattan_distance,6,160,0.00933459999941988,3,480,18360,503
manhattan_distance,6,176,0.013982399999804329,3,528,27386,551
manhattan_distance,6,193,0.019017700000404147,4,772,37070,807
manhattan_distance,6,212,0.027699600002961233,5,1060,51638,1103
manhattan_distance,6,233,0.03550830000312999,6,1398,67452,1454
manhattan_distance,6,256,0.04782839999825228,6,1536,93288,1586
manhattan_distance,6,281,0.033620000001974404,4,1124,61408,1158
manhattan_distance,6,309,0.10989250000056927,10,3090,204372,3179
manhattan_distance,6,339,0.07839679999960936,6,2034,151590,2085
manhattan_distance,6,372,0.05949459999828832,4,1488,114798,1529
manhattan_distance,6,409,0.10207029999946826,6,2454,199734,2508
manhattan_distance,6,449,0.10006520000024466,5,2245,188886,2292
manhattan_distance,6,493,0.11618660000021919,5,2465,227202,2510
manhattan_distance,6,542,0.19251779999831342,7,3794,379416,3860
manhattan_distance,6,596,0.10537219999969238,3,1788,193704,1813
manhattan_distance,6,655,0.16428880000239587,4,2620,311130,2657
manhattan_distance,6,720,0.22672769999917364,4,2880,440876,2917
manhattan_distance,6,792,0.23502240000016172,4,3168,444842,3205
manhattan_distance,6,871,0.3418521999992663,4,3484,653800,3521
manhattan_distance,6,958,0.3355003000033321,4,3832,647484,3869
manhattan_distance,6,1053,0.40558819999932894,4,4212,780670,4247
manhattan_distance,6,1158,0.5767061000005924,4,4632,1085286,4669
manhattan_distance,6,1273,1.0135940000000119,6,7638,1943678,7690
manhattan_distance,6,1400,0.8622848000013619,4,5600,1649050,5634
manhattan_distance,6,1540,1.808237500001269,8,12320,3491288,12392
manhattan_distance,6,1694,1.5707552000021678,6,10164,3004370,10221
manhattan_distance,6,1863,2.9210387999992236,9,16767,5593066,16857
manhattan_distance,6,2049,1.540169200001401,4,8196,2931176,8232
manhattan_distance,6,2253,5.708210900000267,12,27036,10778756,27151
manhattan_distance,6,2478,4.6113273999981175,6,14868,8627884,14927
manhattan_distance,6,2725,7.298598400000628,10,27250,13961064,27347
manhattan_distance,6,2997,6.282434000000649,7,20979,11970974,21050
manhattan_distance,6,3296,5.932739400002902,6,19776,11430362,19833
manhattan_distance,6,3625,10.067969899999298,7,25375,19389160,25443
manhattan_distance,6,3987,11.843763700002455,8,31896,22778292,31970
manhattan_distance,6,4385,10.781866699999227,6,26310,20478592,26367
manhattan_distance,6,4823,12.514955700000428,6,28938,23828772,28994
manhattan_distance,6,5305,18.629941200000758,6,31830,33295514,31886
manhattan_distance,6,5835,35.064917600000626,8,46680,66705794,46757
manhattan_distance,6,6418,22.435791100000642,6,38508,43072276,38564
manhattan_distance,6,7059,24.377727200000663,5,35295,46795136,35344
manhattan_distance,6,7764,40.29451770000014,7,54348,76518952,54419
manhattan_distance,6,8540,81.9953620999986,11,93940,156449910,94039
manhattan_distance,6,9394,54.89140059999772,6,56364,104151326,56420
manhattan_distance,6,10333,149.18194800000128,14,144662,281121962,144799
manhattan_distance,7,100,0.006042600001819665,4,400,10218,433
manhattan_distance,7,110,0.010030800000095041,6,660,19182,724
manhattan_distance,7,121,0.005039200001192512,3,363,10199,392
manhattan_distance,7,133,0.010801200001878897,5,665,21005,716
manhattan_distance,7,146,0.008698300000105519,4,584,17232,625
manhattan_distance,7,160,0.008635300000605639,3,480,16860,510
manhattan_distance,7,176,0.010779000000184169,3,528,21554,557
manhattan_distance,7,193,0.019622600000730017,5,965,39295,1010
manhattan_distance,7,212,0.016040000002249144,3,636,30342,666
manhattan_distance,7,233,0.0282956999981252,5,1165,56575,1215
manhattan_distance,7,256,0.023358300000836607,4,1024,46370,1067
manhattan_distance,7,281,0.030702299998665694,4,1124,60570,1166
manhattan_distance,7,309,0.06840179999926477,8,2472,135150,2548
manhattan_distance,7,339,0.0562528000009479,5,1695,111849,1747
manhattan_distance,7,372,0.052388199997949414,4,1488,103038,1530
manhattan_distance,7,409,0.08039579999967827,5,2045,159243,2099
manhattan_distance,7,449,0.11959609999757959,7,3143,236175,3220
manhattan_distance,7,493,0.2233352000002924,10,4930,439372,5025
manhattan_distance,7,542,0.16434839999783435,6,3252,320952,3315
manhattan_distance,7,596,0.26999619999696733,9,5364,518218,5457
manhattan_distance,7,655,0.2645950999976776,6,3930,511128,3992
manhattan_distance,7,720,0.1669538999994984,4,2880,322826,2921
manhattan_distance,7,792,0.2580168999993475,5,3960,487528,4011
manhattan_distance,7,871,0.27800630000274396,4,3484,532162,3525
manhattan_distance,7,958,0.43902580000212765,5,4790,853700,4848
manhattan_distance,7,1053,1.0076899000014237,11,11583,1960885,11698
manhattan_distance,7,1158,0.6183774000019184,5,5790,1199074,5843
manhattan_distance,7,1273,1.6652615000020887,11,14003,3205491,14117
manhattan_distance,7,1400,0.7715066999990086,5,7000,1498986,7056
manhattan_distance,7,1540,0.9534998999988602,5,7700,1832178,7759
manhattan_distance,7,1694,1.4781239000003552,6,10164,2845398,10227
manhattan_distance,7,1863,1.8031614999999874,6,11178,3450812,11233
manhattan_distance,7,2049,1.9636901000012585,6,12294,3765136,12359
manhattan_distance,7,2253,1.6541210000032152,4,9012,3174198,9056
manhattan_distance,7,2478,2.939919699998427,6,14868,5632046,14934
manhattan_distance,7,2725,3.54363419999936,6,16350,6772368,16420
manhattan_distance,7,2997,5.810325099999318,7,20979,11166419,21055
manhattan_distance,7,3296,6.427972299999965,7,23072,12367004,23142
manhattan_distance,7,3625,16.977081799999723,13,47125,31438679,47269
manhattan_distance,7,3987,7.399720599998545,6,23922,14300586,23992
manhattan_distance,7,4385,7.722882700003538,5,21925,14945865,21985
manhattan_distance,7,4823,18.704878300002747,10,48230,35675022,48344
manhattan_distance,7,5305,25.37186490000022,11,58355,48924987,58476
manhattan_distance,7,5835,30.765829800002393,10,58350,58933272,58463
manhattan_distance,7,6418,24.52125040000101,7,44926,47017260,45001
manhattan_distance,7,7059,35.43463979999797,6,42354,65490246,42420
manhattan_distance,7,7764,39.29118910000034,8,62112,75151846,62207
manhattan_distance,7,8540,44.89664609999818,6,51240,85130528,51311
manhattan_distance,7,9394,92.28318320000108,12,112728,176744680,112857
manhattan_distance,7,10333,112.13895629999752,13,134329,213897005,134476
manhattan_distance,7,11366,164.47723530000076,14,159124,309865092,159279
cosine_similarity,2,100,0.016845300000568386,2,200,13202,206
cosine_similarity,2,110,0.027436299998953473,3,330,22744,338
cosine_similarity,2,121,0.009316100004070904,1,121,7684,123
cosine_similarity,2,133,0.025715299998410046,2,266,21200,271
cosine_similarity,2,146,0.019588999995903578,1,146,16096,148
cosine_similarity,2,160,0.016704600006050896,1,160,13352,162
cosine_similarity,2,176,0.021369900001445785,1,176,16898,178
cosine_similarity,2,193,0.023199499999464024,1,193,19204,195
cosine_similarity,2,212,0.05970279999746708,2,424,49146,429
cosine_similarity,2,233,0.034735100001853425,1,233,29704,235
cosine_similarity,2,256,0.113102200004505,2,512,94324,517
cosine_similarity,2,281,0.06041850000474369,1,281,48136,283
cosine_similarity,2,309,0.11856819999957224,2,618,97364,623
cosine_similarity,2,339,0.1573253999958979,2,678,125944,683
cosine_similarity,2,372,0.10715599999821279,1,372,85446,374
cosine_similarity,2,409,0.12013419999857433,1,409,96572,411
cosine_similarity,2,449,0.13043679999827873,1,449,102148,451
cosine_similarity,2,493,0.17697319999570027,1,493,144016,495
cosine_similarity,2,542,0.37016659999790136,2,1084,301026,1089
cosine_similarity,2,596,0.48463870000705356,2,1192,391058,1197
cosine_similarity,2,655,0.26679650000005495,1,655,216478,657
cosine_similarity,2,720,0.33185080000112066,1,720,261360,722
cosine_similarity,2,792,0.8642183000047226,2,1584,701410,1589
cosine_similarity,2,871,0.4704076000052737,1,871,381934,873
cosine_similarity,2,958,1.308173600002192,2,1916,1062666,1922
cosine_similarity,2,1053,1.954578800003219,2,2106,1571552,2111
cosine_similarity,2,1158,0.8263908000008087,1,1158,673956,1160
cosine_similarity,2,1273,2.0702453999983845,2,2546,1674292,2551
cosine_similarity,2,1400,2.4366146999964258,2,2800,1970900,2806
cosine_similarity,2,1540,1.5679847999999765,1,1540,1271222,1542
cosine_similarity,2,1694,1.7799734000000171,1,1694,1439900,1696
cosine_similarity,2,1863,2.202129999997851,1,1863,1741898,1865
cosine_similarity,2,2049,2.635413100004371,1,2049,2105348,2051
cosine_similarity,2,2253,11.759192499994242,2,4506,9478588,4512
cosine_similarity,2,2478,3.78669319999608,1,2478,3077676,2480
cosine_similarity,2,2725,13.548482199999853,2,5450,11067760,5455
cosine_similarity,2,2997,5.523779299997841,1,2997,4499996,2999
cosine_similarity,2,3296,13.657682600001863,2,6592,11138290,6597
cosine_similarity,2,3625,16.35617509999429,2,7250,13253540,7255
cosine_similarity,2,3987,9.824870999997074,1,3987,7975358,3989
cosine_similarity,2,4385,11.833462000002328,1,4385,9627268,4387
cosine_similarity,2,4823,14.740762300003553,1,4823,12054646,4825
cosine_similarity,2,5305,22.407489500001248,1,5305,18312752,5307
cosine_similarity,2,5835,94.99477710000065,3,17505,76674462,17514
cosine_similarity,2,6418,95.13920189999772,3,19254,76998098,19262
cosine_similarity,2,7059,31.51381019999826,1,7059,25481930,7061
cosine_similarity,2,7764,37.12566910000169,1,7764,30172118,7766
cosine_similarity,2,8540,44.80787849999615,1,8540,36491420,8542
cosine_similarity,2,9394,125.84165309999662,2,18788,101664074,18793
cosine_similarity,3,100,0.007145800002035685,1,100,5138,103
cosine_similarity,3,110,0.00829659999726573,1,110,6854,113
cosine_similarity,3,121,0.010677999998733867,1,121,8909,124
cosine_similarity,3,133,0.010671399999409914,1,133,8549,136
cosine_similarity,3,146,0.009938299997884315,1,146,8020,149
cosine_similarity,3,160,0.012610500001756009,1,160,10326,163
cosine_similarity,3,176,0.014451400005782489,1,176,12138,179
cosine_similarity,3,193,0.021749300001829397,1,193,17879,196
cosine_similarity,3,212,0.030042499995033722,1,212,24942,215
cosine_similarity,3,233,0.0265099000025657,1,233,21273,236
cosine_similarity,3,256,0.045843399995646905,1,256,37320,259
cosine_similarity,3,281,0.056058499998471234,1,281,44745,284
cosine_similarity,3,309,0.06698630000028061,1,309,54281,312
cosine_similarity,3,339,0.1304357999979402,2,678,108748,685
cosine_similarity,3,372,0.08465269999578595,1,372,69774,375
cosine_similarity,3,409,0.19392550000338815,2,818,159680,825
cosine_similarity,3,449,0.140035500000522,1,449,113697,452
cosine_similarity,3,493,0.1507876999967266,1,493,119631,496
cosine_similarity,3,542,0.20679110000492074,1,542,165250,545
cosine_similarity,3,596,0.2480481999955373,1,596,200800,599
cosine_similarity,3,655,0.28649120000045514,1,655,232237,658
cosine_similarity,3,720,0.2705402999999933,1,720,216306,723
cosine_similarity,3,792,0.4089503000068362,1,792,329870,795
cosine_similarity,3,871,0.37184870000055525,1,871,302589,874
cosine_similarity,3,958,1.172730699996464,2,1916,936940,1923
cosine_similarity,3,1053,0.7072998000003281,1,1053,578157,1056
cosine_similarity,3,1158,0.9248910000023898,1,1158,748076,1161
cosine_similarity,3,1273,1.03179519999685,1,1273,835157,1276
cosine_similarity,3,1400,1.347994199997629,1,1400,1093262,1403
cosine_similarity,3,1540,0.9782593999989331,1,1540,796694,1543
cosine_similarity,3,1694,2.519012999997358,2,3388,2041594,3396
cosine_similarity,3,1863,2.1601399999999558,1,1863,1758149,1866
cosine_similarity,3,2049,2.116967800000566,1,2049,1698161,2052
cosine_similarity,3,2253,5.184115100004419,2,4506,4126310,4514
cosine_similarity,3,2478,3.0113092999963555,1,2478,2430662,2481
cosine_similarity,3,2725,5.028008100001898,1,2725,4059093,2728
cosine_similarity,3,2997,5.584738700003072,1,2997,4523733,3000
cosine_similarity,3,3296,6.674808700001449,1,3296,5400370,3299
cosine_similarity,3,3625,8.965675599996757,1,3625,7233761,3628
cosine_similarity,3,3987,8.22663289999764,1,3987,6649649,3990
cosine_similarity,3,4385,8.265829800002393,1,4385,6716509,4388
cosine_similarity,3,4823,22.26482109999779,2,9646,18060642,9654
cosine_similarity,3,5305,25.683644099997764,2,10610,20715878,10617
cosine_similarity,3,5835,14.934241700000712,1,5835,12111789,5838
cosine_similarity,3,6418,21.27422999999544,1,6418,17261866,6421
cosine_similarity,3,7059,54.436341400003585,2,14118,44194444,14125
cosine_similarity,3,7764,42.45278220000182,1,7764,34198026,7767
cosine_similarity,3,8540,69.15152050000324,1,8540,55546752,8543
cosine_similarity,3,9394,91.63646030000382,2,18788,73893606,18795
cosine_similarity,3,10333,44.97197070000402,1,10333,36319631,10336
cosine_similarity,3,11366,89.20426930000394,1,11366,71535266,11369
cosine_similarity,3,12502,74.6975517000028,1,12502,59772862,12505
cosine_similarity,3,13752,116.74064170000202,1,13752,93844098,13755
cosine_similarity,3,15127,138.69813279999653,1,15127,111406335,15130
cosine_similarity,4,100,0.006576599997060839,1,100,4070,104
cosine_similarity,4,110,0.005556699994485825,1,110,4680,114
cosine_similarity,4,121,0.009284600004320964,1,121,7190,125
cosine_similarity,4,133,0.007621099997777492,1,133,6434,137
cosine_similarity,4,146,0.0074034999997820705,1,146,6140,150
cosine_similarity,4,160,0.014780800003791228,1,160,11770,164
cosine_similarity,4,176,0.014617099994211458,1,176,12050,180
cosine_similarity,4,193,0.015434499997354578,1,193,12358,197
cosine_similarity,4,212,0.016393600002629682,1,212,13634,216
cosine_similarity,4,233,0.02789160000247648,1,233,23126,237
cosine_similarity,4,256,0.040307399998710025,1,256,33158,260
cosine_similarity,4,281,0.037210299997241236,1,281,30100,285
cosine_similarity,4,309,0.05062550000002375,1,309,41468,313
cosine_similarity,4,339,0.05266729999857489,1,339,42902,343
cosine_similarity,4,372,0.05888080000295304,1,372,48564,376
cosine_similarity,4,409,0.11811820000002626,1,409,97086,413
cosine_similarity,4,449,0.08246209999924758,1,449,66188,453
cosine_similarity,4,493,0.08608109999477165,1,493,70920,497
cosine_similarity,4,542,0.11893569999665488,1,542,96146,546
cosine_similarity,4,596,0.21601899999950547,1,596,172014,600
cosine_similarity,4,655,0.16878320000250824,1,655,135138,659
cosine_similarity,4,720,0.1845963000014308,1,720,147218,724
cosine_similarity,4,792,0.244294500000251,1,792,190662,796
cosine_similarity,4,871,0.33042399999976624,1,871,264034,875
cosine_similarity,4,958,0.4863353999971878,1,958,391524,962
cosine_similarity,4,1053,0.3820486999975401,1,1053,303760,1057
cosine_similarity,4,1158,0.6011050999950385,1,1158,480754,1162
cosine_similarity,4,1273,0.5480080999986967,1,1273,440566,1277
cosine_similarity,4,1400,0.6150205000012647,1,1400,499026,1404
cosine_similarity,4,1540,1.4620426000037696,1,1540,1182034,1544
cosine_similarity,4,1694,1.2438628999952925,1,1694,1002220,1698
cosine_similarity,4,1863,1.3405793999991147,1,1863,1081786,1867
cosine_similarity,4,2049,1.3244913999951677,1,2049,1068822,2053
cosine_similarity,4,2253,1.7881830999976955,1,2253,1436804,2257
cosine_similarity,4,2478,4.175748100002238,1,2478,3347624,2482
cosine_similarity,4,2725,2.7973993999985396,1,2725,2253038,2729
cosine_similarity,4,2997,7.912253399998008,2,5994,6391938,6003
cosine_similarity,4,3296,3.803277999999409,1,3296,3067744,3300
cosine_similarity,4,3625,12.619057399999292,2,7250,10207884,7259
cosine_similarity,4,3987,5.5331212999954005,1,3987,4473752,3991
cosine_similarity,4,4385,6.653710800004774,1,4385,5393308,4389
cosine_similarity,4,4823,14.641662399997585,1,4823,11874076,4827
cosine_similarity,4,5305,9.863000600002124,1,5305,7967570,5309
cosine_similarity,4,5835,11.857515100004093,1,5835,9595532,5839
cosine_similarity,4,6418,12.918996000000334,1,6418,10478724,6422
cosine_similarity,4,7059,17.52230689999851,1,7059,14168508,7063
cosine_similarity,4,7764,19.66986399999587,1,7764,15848040,7768
cosine_similarity,4,8540,38.067091199998686,1,8540,27903350,8544
cosine_similarity,4,9394,30.348995400003332,1,9394,23405084,9398
cosine_similarity,4,10333,40.74250909999682,1,10333,31528228,10337
cosine_similarity,4,11366,83.41814390000218,1,11366,63673898,11370
cosine_similarity,4,12502,78.21490080000513,1,12502,60014994,12506
cosine_similarity,4,13752,124.87746019999759,1,13752,94750520,13756
cosine_similarity,5,100,0.004997500000172295,1,100,3270,105
cosine_similarity,5,110,0.004965200001606718,1,110,4026,115
cosine_similarity,5,121,0.006047499999112915,1,121,4925,126
cosine_similarity,5,133,0.006938599995919503,1,133,5539,138
cosine_similarity,5,146,0.007042400000500493,1,146,5704,151
cosine_similarity,5,160,0.010909600001468789,1,160,8836,165
cosine_similarity,5,176,0.010390800001914613,1,176,8304,181
cosine_similarity,5,193,0.02524039999843808,1,193,20075,198
cosine_similarity,5,212,0.016025800003262702,1,212,12870,217
cosine_similarity,5,233,0.017498300003353506,1,233,13819,238
cosine_similarity,5,256,0.019139199997880496,1,256,15638,261
cosine_similarity,5,281,0.02614279999397695,1,281,20985,286
cosine_similarity,5,309,0.031009600003017113,1,309,25201,314
cosine_similarity,5,339,0.038287299998046365,1,339,30857,344
cosine_similarity,5,372,0.06325229999492876,1,372,51070,377
cosine_similarity,5,409,0.05151730000216048,1,409,40947,414
cosine_similarity,5,449,0.09518450000177836,1,449,74311,454
cosine_similarity,5,493,0.1571327999990899,1,493,124567,498
cosine_similarity,5,542,0.10613759999978356,1,542,83222,547
cosine_similarity,5,596,0.11461710000003222,1,596,89642,601
cosine_similarity,5,655,0.1506463000041549,1,655,117575,660
cosine_similarity,5,720,0.16962990000320133,1,720,134002,725
cosine_similarity,5,792,0.31766939999943133,1,792,249686,797
cosine_similarity,5,871,0.25455750000401167,1,871,201493,876
cosine_similarity,5,958,0.2800121999971452,1,958,222182,963
cosine_similarity,5,1053,0.3115604999984498,1,1053,244861,1058
cosine_similarity,5,1158,0.7152982999978121,1,1158,560334,1163
cosine_similarity,5,1273,0.8532157999943593,1,1273,674481,1278
cosine_similarity,5,1400,1.039898400005768,1,1400,811616,1405
cosine_similarity,5,1540,1.2406062000009115,1,1540,958372,1545
cosine_similarity,5,1694,1.1165834999992512,1,1694,880870,1699
cosine_similarity,5,1863,1.1549175000036485,1,1863,906141,1868
cosine_similarity,5,2049,1.2666381999952137,1,2049,995545,2054
cosine_similarity,5,2253,2.1180991000001086,1,2253,1654891,2258
cosine_similarity,5,2478,2.5610862000030465,1,2478,2013178,2483
cosine_similarity,5,2725,2.6017675999974017,1,2725,2018465,2730
cosine_similarity,5,2997,2.858286800001224,1,2997,2236875,3002
cosine_similarity,5,3296,2.919312500001979,1,3296,2302182,3301
cosine_similarity,5,3625,3.6539492000010796,1,3625,2843107,3630
cosine_similarity,5,3987,4.989076899997599,1,3987,3905569,3992
cosine_similarity,5,4385,6.834946599999967,1,4385,5390479,4390
cosine_similarity,5,4823,7.272079100002884,1,4823,5741301,4828
cosine_similarity,5,5305,9.258937599995988,1,5305,7245067,5310
cosine_similarity,5,5835,15.26833899999474,1,5835,11970041,5840
cosine_similarity,5,6418,17.018447199996444,1,6418,13282380,6423
cosine_similarity,5,7059,14.185439699998824,1,7059,11085221,7064
cosine_similarity,5,7764,21.27422089999891,1,7764,16620718,7769
cosine_similarity,5,8540,22.333973900000274,1,8540,17470844,8545
cosine_similarity,5,9394,28.18400660000043,1,9394,22166240,9399
cosine_similarity,5,10333,46.53890020000108,1,10333,36397103,10338
cosine_similarity,5,11366,51.12048759999743,1,11366,39789678,11371
cosine_similarity,5,12502,52.43553759999486,1,12502,41581642,12507
cosine_similarity,5,13752,60.84512650000397,1,13752,48619418,13757
cosine_similarity,5,15127,79.43352050000249,1,15127,60539037,15132
cosine_similarity,5,16639,125.14036620000115,1,16639,95348217,16644
cosine_similarity,6,100,0.006651100004091859,1,100,4050,106
cosine_similarity,6,110,0.0037611000007018447,1,110,3084,116
cosine_similarity,6,121,0.00604610000300454,1,121,4422,127
cosine_similarity,6,133,0.008034200000111014,1,133,6342,139
cosine_similarity,6,146,0.006903100002091378,1,146,5508,152
cosine_similarity,6,160,0.008263000003353227,1,160,6756,166
cosine_similarity,6,176,0.016563199998927303,1,176,13320,182
cosine_similarity,6,193,0.01410260000557173,1,193,10818,199
cosine_similarity,6,212,0.021338999998988584,1,212,12826,218
cosine_similarity,6,233,0.020166500005871058,1,233,15924,239
cosine_similarity,6,256,0.018578200004412793,1,256,14738,262
cosine_similarity,6,281,0.02292429999943124,1,281,18474,287
cosine_similarity,6,309,0.0288425000035204,1,309,23438,315
cosine_similarity,6,339,0.03809650000039255,1,339,30588,345
cosine_similarity,6,372,0.03781350000645034,1,372,30502,378
cosine_similarity,6,409,0.06577379999362165,1,409,51126,415
cosine_similarity,6,449,0.0753815999996732,1,449,59590,455
cosine_similarity,6,493,0.060705900003085844,1,493,47820,499
cosine_similarity,6,542,0.07312559999991208,1,542,57850,548
cosine_similarity,6,596,0.10337939999590162,1,596,82574,602
cosine_similarity,6,655,0.12156300000060583,1,655,95750,661
cosine_similarity,6,720,0.14050020000286167,1,720,110310,726
cosine_similarity,6,792,0.18203489999723388,1,792,145984,798
cosine_similarity,6,871,0.3174174000014318,1,871,251438,877
cosine_similarity,6,958,0.2633205000020098,1,958,209936,964
cosine_similarity,6,1053,0.31074810000427533,1,1053,247862,1059
cosine_similarity,6,1158,0.36329429999750573,1,1158,288598,1164
cosine_similarity,6,1273,0.6656084999995073,1,1273,519086,1279
cosine_similarity,6,1400,0.5921564000018407,1,1400,464312,1406
cosine_similarity,6,1540,0.565970899995591,1,1540,442968,1546
cosine_similarity,6,1694,0.6683701000001747,1,1694,525860,1700
cosine_similarity,6,1863,1.3802281000025687,1,1863,1082894,1869
cosine_similarity,6,2049,1.09773370000039,1,2049,865126,2055
cosine_similarity,6,2253,1.649793899996439,1,2253,1286932,2259
cosine_similarity,6,2478,2.140422900003614,1,2478,1680448,2484
cosine_similarity,6,2725,1.752422600002319,1,2725,1362562,2731
cosine_similarity,6,2997,2.5965684999973746,1,2997,2046750,3003
cosine_similarity,6,3296,2.643308099999558,1,3296,2071458,3302
cosine_similarity,6,3625,4.074867799994536,1,3625,3185882,3631
cosine_similarity,6,3987,7.065614200000709,1,3987,5552058,3993
cosine_similarity,6,4385,6.8862466999999015,1,4385,5384020,4391
cosine_similarity,6,4823,6.607989100004488,1,4823,5194580,4829
cosine_similarity,6,5305,7.5533926999996766,1,5305,5919772,5311
cosine_similarity,6,5835,8.557828700002574,1,5835,6732640,5841
cosine_similarity,6,6418,10.119552800002566,1,6418,7946534,6424
cosine_similarity,6,7059,14.558162299996184,1,7059,11416634,7065
cosine_similarity,6,7764,15.705298000000766,1,7764,12330756,7770
cosine_similarity,6,8540,26.445548099996813,1,8540,20788770,8546
cosine_similarity,6,9394,24.422391400003107,1,9394,19554368,9400
cosine_similarity,6,10333,28.59864689999813,1,10333,22998422,10339
cosine_similarity,6,11366,30.202700200003164,1,11366,24287662,11372
cosine_similarity,6,12502,55.750537100000656,1,12502,44234472,12508
cosine_similarity,6,13752,76.52389219999895,1,13752,61386938,13758
cosine_similarity,6,15127,69.51586210000096,1,15127,55805114,15133
cosine_similarity,6,16639,69.28951930000039,1,16639,55444582,16645
cosine_similarity,6,18302,92.93653369999811,1,18302,73557066,18308
cosine_similarity,6,20132,113.53376569999818,1,20132,88642694,20138
cosine_similarity,6,22145,141.94188920000306,1,22145,113113620,22151
cosine_similarity,7,100,0.004807299999811221,1,100,2412,107
cosine_similarity,7,110,0.003903999997419305,1,110,3342,117
cosine_similarity,7,121,0.004118400000152178,1,121,3395,128
cosine_similarity,7,133,0.005461100001411978,1,133,4639,140
cosine_similarity,7,146,0.007809100003214553,1,146,6432,153
cosine_similarity,7,160,0.007391099999949802,1,160,5792,167
cosine_similarity,7,176,0.010413299998617731,1,176,8728,183
cosine_similarity,7,193,0.008979800004453864,1,193,7695,200
cosine_similarity,7,212,0.014048199998796917,1,212,11644,219
cosine_similarity,7,233,0.02242619999742601,1,233,18639,240
cosine_similarity,7,256,0.01849229999788804,1,256,15042,263
cosine_similarity,7,281,0.021602200002234895,1,281,17831,288
cosine_similarity,7,309,0.030349200002092402,1,309,24699,316
cosine_similarity,7,339,0.028534899996884633,1,339,23695,346
cosine_similarity,7,372,0.035199899997678585,1,372,30092,379
cosine_similarity,7,409,0.046244400000432506,1,409,37861,416
cosine_similarity,7,449,0.055180700001074,1,449,43917,456
cosine_similarity,7,493,0.05895330000203103,1,493,48711,500
cosine_similarity,7,542,0.06294440000056056,1,542,52142,549
cosine_similarity,7,596,0.09157440000126371,1,596,74334,603
cosine_similarity,7,655,0.11207779999676859,1,655,90009,662
cosine_similarity,7,720,0.11104850000265287,1,720,91362,727
cosine_similarity,7,792,0.20829349999985425,1,792,170128,799
cosine_similarity,7,871,0.22503539999888744,1,871,183295,878
cosine_similarity,7,958,0.24450719999731518,1,958,200166,965
cosine_similarity,7,1053,0.23119489999953657,1,1053,188373,1060
cosine_similarity,7,1158,0.40634919999865815,1,1158,332410,1165
cosine_similarity,7,1273,0.4444359000044642,1,1273,354335,1280
cosine_similarity,7,1400,0.4756876000028569,1,1400,381652,1407
cosine_similarity,7,1540,0.5330136000047787,1,1540,427824,1547
cosine_similarity,7,1694,1.111853099995642,1,1694,901160,1701
cosine_similarity,7,1863,0.95175670000026,1,1863,763111,1870
cosine_similarity,7,2049,0.8577931999971042,1,2049,682117,2056
cosine_similarity,7,2253,1.1234591000029468,1,2253,904497,2260
cosine_similarity,7,2478,1.4549903000006452,1,2478,1159390,2485
cosine_similarity,7,2725,1.4857696999970358,1,2725,1204645,2732
cosine_similarity,7,2997,2.1416379000002053,1,2997,1688497,3004
cosine_similarity,7,3296,2.608627699999488,1,3296,2063156,3303
cosine_similarity,7,3625,2.972403799998574,1,3625,2380173,3632
cosine_similarity,7,3987,3.323709800002689,1,3987,2638807,3994
cosine_similarity,7,4385,4.966725600002974,1,4385,4008371,4392
cosine_similarity,7,4823,5.152205499995034,1,4823,4191059,4830
cosine_similarity,7,5305,6.4738865999970585,1,5305,5190599,5312
cosine_similarity,7,5835,9.46525290000136,1,5835,7580831,5842
cosine_similarity,7,6418,10.003166100003,1,6418,7931162,6425
cosine_similarity,7,7059,13.540839399996912,1,7059,10571995,7066
cosine_similarity,7,7764,14.530415599998378,1,7764,11665768,7771
cosine_similarity,7,8540,24.15621629999805,1,8540,19386416,8547
cosine_similarity,7,9394,27.480885600001784,1,9394,19612336,9401
cosine_similarity,7,10333,27.929069099998742,1,10333,21682099,10340
cosine_similarity,7,11366,28.83030680000229,1,11366,22431110,11373
cosine_similarity,7,12502,44.35717470000236,1,12502,34350730,12509
cosine_similarity,7,13752,39.61931470000127,1,13752,30816612,13759
cosine_similarity,7,15127,48.920191600002,1,15127,37880237,15134
cosine_similarity,7,16639,76.11683289999928,1,16639,57957067,16646
cosine_similarity,7,18302,102.15062169999874,1,18302,80517050,18309
cosine_similarity,7,20132,95.42575080000097,1,20132,75590554,20139
cosine_similarity,7,22145,140.1581875999982,1,22145,110539927,22152
